vendor,tag,freq
V02,803,52
V03,PA,50
V02,"2""",42
V02,SP,33
V02,IAS,31
V02,MCS,20
V01,"2""",19
V02,321,19
V04,01.00-GTFDOOJ,19
V02,324,18
V02,LSH,17
V04,LJ,16
V04,00.38,16
V01,"8""",14
V04,88,14
V04,50,14
V02,NV,13
V02,2561,13
V04,-0,13
V02,LAH,11
V02,FC,11
V01,HV,10
V01,"6""",10
V01,B43,10
V01,PG,10
V01,NOTE,9
V01,654,9
V02,323,9
V02,8661,9
V01,RO,8
V01,TG,8
V02,866,8
V03,ZS,8
V04,20,8
V01,"3""",7
V02,114,7
V04,00.75-GBFDOOJ,7
V01,NC,6
V01,"4""",6
V01,NOTE-2,6
V01,FROM,6
V02,IL,6
V02,101,6
V03,PSS,6
V04,28,6
V04,80,6
V04,5-674,6
V04,8-674,6
V01,HV7,5
V01,MCC,5
V01,12,5
V01,FH,5
V01,154,5
V01,41,5
V01,HCV,5
V02,IF,5
V02,V1,5
V02,HV,5
V03,"1""",5
V03,LJ,5
V03,24182,5
V01,77,4
V01,FL,4
V01,"10""",4
V01,1D,4
V01,N.0,4
V01,27,4
V01,"12""",4
V01,TANK,4
V02,NC,4
V02,TS,4
V02,XV,4
V02,PI,4
V02,IH,4
V02,103,4
V02,UOZ,4
V02,238,4
V02,LJ,4
V02,HI,4
V03,PG,4
V03,"12""",4
V03,11,4
V03,TYPE4-1,4
V03,ROV,4
V03,FC,4
V03,24181,4
V04,0-,4
V04,25,4
V04,CSO,4
V04,00.75-GBFDOC,4
V04,41,4
V01,IL,3
V01,212,3
V01,150A,3
V01,UOZ,3
V01,M7,3
V01,SDI,3
V01,PT,3
V01,MUD,3
V01,MIN,3
V01,N2,3
V01,UUD,3
V01,N4,3
V01,NOTE-6,3
V01,15A,3
V01,EJ,3
V01,WE,3
V01,011,3
V01,37,3
V01,MW,3
V02,LS,3
V02,106,3
V02,IOF,3
V02,PIT,3
V02,322,3
V02,8EJ8,3
V02,32,3
V02,N1,3
V02,JJ,3
V02,176,3
V02,28,3
V02,IHL,3
V02,25,3
V02,020,3
V03,PI,3
V03,37,3
V03,LO,3
V03,AT,3
V03,281501,3
V03,HH,3
V03,281601,3
V03,77,3
V03,LI,3
V03,NC,3
V03,IDO,3
V04,AT,3
V04,83,3
V04,TO,3
V04,15,3
V04,HH,3
V04,BP,3
V04,23,3
V04,03.00,3
V01,13,2
V01,072,2
V01,DI,2
V01,071,2
V01,17,2
V01,TYPE-5,2
V01,DCI,2
V01,"1""",2
V01,NOTE-8,2
V01,IQ,2
V01,14,2
V01,10,2
V01,075,2
V01,"10""-ML-DA125-021",2
V01,"12""-ML-DA125-009",2
V01,"4""-TC-DA105-450",2
V01,517,2
V01,23,2
V01,HC,2
V01,"5""",2
V01,116,2
V01,N22.J,2
V01,117,2
V01,128,2
V01,UF,2
V01,N6,2
V01,254,2
V01,129,2
V01,126,2
V01,DA726RO01-15,2
V01,127,2
V01,118,2
V01,Z2,2
V01,UFT,2
V01,119,2
V01,82,2
V01,N7,2
V01,N1,2
V01,N11,2
V01,172,2
V01,175,2
V01,II,2
V01,TFC,2
V01,177,2
V01,179,2
V01,176,2
V01,0O2,2
V01,HI,2
V01,1L,2
V01,11,2
V01,78,2
V01,064,2
V01,063,2
V01,KDAB4ZROOI-13,2
V01,"2""-TC-DA105-2",2
V01,HHI,2
V01,LIT-022,2
V01,LIT-023,2
V01,"6""-ML-DA125-5",2
V01,CI,2
V02,03,2
V02,42,2
V02,SE,2
V02,036,2
V02,LA,2
V02,030,2
V02,"6""",2
V02,HOOF,2
V02,E1,2
V02,H3,2
V02,88,2
V02,J9,2
V02,3-,2
V02,"1""",2
V02,PSV,2
V02,41,2
V02,0OZ,2
V02,WE,2
V02,FS,2
V02,CLS,2
V02,NOTE-8,2
V02,PDI,2
V02,HH,2
V02,N5,2
V02,LL,2
V02,SS,2
V02,AAH,2
V02,AAHN,2
V02,241,2
V02,242,2
V02,213,2
V02,211,2
V02,212,2
V02,98,2
V02,23,2
V02,342,2
V02,43,2
V02,02,2
V02,215,2
V02,239,2
V02,22,2
V02,234,2
V02,244,2
V02,235,2
V02,271,2
V02,245,2
V02,246,2
V02,191,2
V02,628,2
V02,YK,2
V02,"5""",2
V02,HCV,2
V02,LO,2
V02,2X,2
V02,012,2
V02,N3,2
V02,N7,2
V02,015,2
V02,026,2
V03,23,2
V03,FF,2
V03,1H,2
V03,4945-04,2
V03,AI,2
V03,281602,2
V03,UCP,2
V03,IF,2
V03,38,2
V03,24185,2
V03,TYPE4-8,2
V03,SDV,2
V03,LT,2
V03,PT,2
V03,HU-T-2411,2
V03,XI,2
V03,LG,2
V03,LAN,2
V03,22,2
V03,HD,2
V03,AL,2
V03,TF,2
V03,HDII,2
V04,10,2
V04,NC,2
V04,AI,2
V04,S674-10002.001,2
V04,33,2
V04,HF,2
V04,18,2
V04,150,2
V04,HS,2
V04,0-0,2
V04,730,2
V04,HC,2
V04,NOTE6.7,2
V04,730A,2
V04,PI,2
V04,674,2
V04,IL,2
V04,IF,2
V04,38,2
V04,13,2
V04,89,2
V04,SP,2
V04,26,2
V04,823,2
V04,004,2
V04,5-4,2
V04,01.00-GTFD,2
V04,84,2
V04,P200,2
V04,22,2
V04,W1OO,2
V01,NFJ,1
V01,Y8,1
V01,67,1
V01,2TJ,1
V01,IVF,1
V01,VFJ,1
V01,87,1
V01,VA,1
V01,857,1
V01,STBD,1
V01,PORT,1
V01,DOR,1
V01,DCR,1
V01,2332,1
V01,"4""-LH-2982-A13",1
V01,373,1
V01,"2""-CD-2983-A13",1
V01,"8""-DW-DA155-560",1
V01,"6""-BO-DA105-560",1
V01,"8""-ML-DA125-224",1
V01,OZ,1
V01,PI,1
V01,J2,1
V01,31141,1
V01,FL5,1
V01,"2""-ML-DA125-62",1
V01,"2""-ML-DA125-73",1
V01,"10""-TC-DA105-13",1
V01,"6""-ML-DA125-72",1
V01,"2""-ML-DA125-641",1
V01,QO,1
V01,"10""-ML-DA125-228",1
V01,"8""-ML-DA125-223",1
V01,EE,1
V01,4A,1
V01,"10""-ML-DA125-362",1
V01,32542,1
V01,PSV-002,1
V01,4E,1
V01,"4""-MH-DL604-015",1
V01,NCV,1
V01,42,1
V01,1DA,1
V01,ID,1
V01,812,1
V01,84,1
V01,MH-BA205-052,1
V01,"2""-MH-DL604-016",1
V01,225,1
V01,3U,1
V01,"5""-MH-DL604-017",1
V01,NI,1
V01,0421,1
V01,296,1
V01,228,1
V01,65A,1
V01,PUMP-2,1
V01,IP,1
V01,297,1
V01,044,1
V01,1FW,1
V01,OO,1
V01,48,1
V01,303,1
V01,056,1
V01,058,1
V01,LJ,1
V01,JV4,1
V01,PSV-003,1
V01,-MH-DL604-019,1
V01,TF,1
V01,TC,1
V01,813,1
V01,"2""-MH-DA205-053",1
V01,22,1
V01,ROOM,1
V01,N17,1
V01,052,1
V01,E8,1
V01,301,1
V01,UD,1
V01,2Z8,1
V01,302,1
V01,054,1
V01,EX3,1
V01,298,1
V01,046,1
V01,254-CW-MP843-935,1
V01,ZU,1
V01,299,1
V01,0481,1
V01,654-CW-MP843-937,1
V01,N4I,1
V01,4Q0,1
V01,H00F,1
V01,700,1
V01,J00,1
V01,43,1
V01,"5""-BC-DA195-032",1
V01,4F,1
V01,N3,1
V01,N9,1
V01,N8,1
V01,N5,1
V01,35,1
V01,E3,1
V01,B4,1
V01,BULK,1
V01,0OE,1
V01,SI5,1
V01,5-5,1
V01,WT,1
V01,400,1
V01,B40,1
V01,368A,1
V01,MV,1
V01,VOTE-6,1
V01,050,1
V01,1724,1
V01,172B,1
V01,172C,1
V01,1734,1
V01,IQO,1
V01,B4Q,1
V01,B4D,1
V01,049,1
V01,155,1
V01,"3""-BA-DA105-040",1
V01,7J,1
V01,FC7,1
V01,FC,1
V01,MHCV,1
V01,62,1
V01,"4""-BA-DA105-102",1
V01,YARD,1
V01,"2""-TC-DA105-413",1
V01,092,1
V01,09Z,1
V01,49749,1
V01,037,1
V01,JL,1
V01,I50A,1
V01,TT,1
V01,ULV,1
V01,IVVV,1
V01,21,1
V01,"2""-ML-DA125-651",1
V01,"2""-ML-DA125-613",1
V01,"10""-ML-DA125-527",1
V01,36,1
V01,1T,1
V01,LIZ,1
V01,7A,1
V01,"10""-ML-DA125-528",1
V01,01,1
V01,"10""-ML-DA125-50",1
V01,E2,1
V01,NCI,1
V01,"8""-ML-DA125-028",1
V01,"8""-ML-DA125-023",1
V01,"4""-TC-DA105-473",1
V01,"12""-ML-DA125-034",1
V01,"8""-ML-DA125-035",1
V01,"12""-ML-DA125-022",1
V01,"12""-ML-DA125-027",1
V01,"4""-TC-DA105-471",1
V01,HP,1
V01,"3""-ML-DA125-886",1
V01,"6""-DW-DA155-559",1
V01,"6""-BO-DA105-559",1
V01,"6""-BF-DA165-559",1
V01,"14""-ML-DA125-188",1
V01,0OZ,1
V01,MH-DL624-057,1
V01,"8""-ML-DA125-18",1
V01,32,1
V01,07,1
V01,19,1
V01,NCL,1
V01,"12""-ML-DA125-184",1
V01,"4""-TC-DA105-480",1
V01,-TC-DA105-450,1
V01,"2""-ML-DA125-186",1
V01,81,1
V01,TC-DA105-334,1
V01,ML-DA125-335,1
V01,TC-DA105-324,1
V01,TC-DA105-327,1
V01,TC-DA105-323,1
V01,TC-DA105-329,1
V01,"6""-ML-DA125--",1
V01,"2""-TC-DA105--",1
V01,"3""-ML-DA125-724",1
V01,"3""-ML-DA125-703",1
V01,71,1
V01,15,1
V01,FJ,1
V01,122,1
V01,LL,1
V01,ML-DA125-602,1
V01,83,1
V01,0-1,1
V01,8233,1
V01,85,1
V01,31,1
V01,OI,1
V01,907,1
V01,307,1
V01,NO,1
V02,65A,1
V02,BE,1
V02,26,1
V02,P3,1
V02,ALTF,1
V02,50A,1
V02,053,1
V02,TH,1
V02,38,1
V02,LANH,1
V02,SH,1
V02,161,1
V02,DAMI,1
V02,823,1
V02,KH,1
V02,XLFA,1
V02,KZOA,1
V02,MBS,1
V02,108,1
V02,105,1
V02,107,1
V02,"6""-DA122-ML-324-223",1
V02,3241239,1
V02,24,1
V02,-DA122-ML-324-219,1
V02,3241242,1
V02,3241253,1
V02,3241254,1
V02,3241246,1
V02,3241245,1
V02,3241250,1
V02,3241257,1
V02,3241249,1
V02,3R,1
V02,324-EM107,1
V02,324-EM105,1
V02,324-EM108,1
V02,515,1
V02,TL,1
V02,873,1
V02,KJ,1
V02,7O,1
V02,R8,1
V02,700,1
V02,FZ,1
V02,3241203,1
V02,3241205,1
V02,3241204,1
V02,3241210,1
V02,FZ4,1
V02,87,1
V02,130H,1
V02,324-PA105,1
V02,324-PA107,1
V02,BUND,1
V02,7135,1
V02,NOTE-4,1
V02,6J,1
V02,-DA192-MB-321-149,1
V02,116,1
V02,-DA192-MB-321-150,1
V02,81,1
V02,11,1
V02,3221855,1
V02,IQF,1
V02,494,1
V02,WO3,1
V02,-DA192-MB-321-151,1
V02,77,1
V02,114A,1
V02,DOZ,1
V02,WT,1
V02,114B,1
V02,FX,1
V02,MW,1
V02,114C,1
V02,MO2,1
V02,SI,1
V02,HOO,1
V02,8-,1
V02,E6,1
V02,06,1
V02,3XK,1
V02,323-CH102,1
V02,HTMS,1
V02,A7,1
V02,E5,1
V02,27,1
V02,VI,1
V02,797,1
V02,2ES,1
V02,2EJ8,1
V02,LSS,1
V02,AIR,1
V02,MF,1
V02,UF,1
V02,298,1
V02,LY,1
V02,FJ,1
V02,RH,1
V02,2P,1
V02,101A,1
V02,N2,1
V02,N4,1
V02,TK,1
V02,ZT,1
V02,323-CH103,1
V02,323-CH104,1
V02,4F,1
V02,LM,1
V02,413,1
V02,848,1
V02,CJ,1
V02,NOTE,1
V02,37,1
V02,"6""-DA122-ML-324-247",1
V02,CLSS,1
V02,82F,1
V02,323-CJ103,1
V02,61,1
V02,IHH,1
V02,-DA352-CN-323-102,1
V02,-DA352-CN-323-101,1
V02,DT,1
V02,102,1
V02,NOTE-7,1
V02,-DA122-ML-324-224,1
V02,-DA122-ML-324-225,1
V02,PORT,1
V02,0-,1
V02,"2""-MA173-BE-803-543",1
V02,548,1
V02,178,1
V02,803438,1
V02,243,1
V02,"2""-MA173-BE-803-546",1
V02,1-,1
V02,"2""-MA173-BE-803-715",1
V02,552,1
V02,551,1
V02,1177,1
V02,FCIL,1
V02,IHI,1
V02,NHI,1
V02,803295,1
V02,803292,1
V02,L7,1
V02,179,1
V02,214,1
V02,MI7,1
V02,S1,1
V02,547,1
V02,"2""-MA173-BE-803-504",1
V02,FKS,1
V02,544,1
V02,FF,1
V02,HX5,1
V02,803272,1
V02,58,1
V02,539,1
V02,223,1
V02,521,1
V02,803243,1
V02,"1""-MA173-BE-803-824",1
V02,3161,1
V02,550,1
V02,1O,1
V02,FCCT,1
V02,205,1
V02,89,1
V02,JHI,1
V02,EE,1
V02,546,1
V02,598,1
V02,17,1
V02,208,1
V02,217,1
V02,803288,1
V02,549,1
V02,200,1
V02,NJP,1
V02,203,1
V02,206,1
V02,FGIH,1
V02,TZ,1
V02,803286-MATRCC,1
V02,280,1
V02,82,1
V02,803284,1
V02,216,1
V02,"2""-MA173-BE-803-556",1
V02,545,1
V02,00,1
V02,YA,1
V02,FFC,1
V02,207,1
V02,2461,1
V02,803434-MASFKB,1
V02,"2""-MA173-BE-803-718",1
V02,UD,1
V02,KE,1
V02,ZN,1
V02,HN,1
V02,260,1
V02,543,1
V02,218,1
V02,219,1
V02,297,1
V02,"2""-MA173-BE-803-549",1
V02,5985,1
V02,803282,1
V02,"2""-MA173-BE-803-545",1
V02,FC1,1
V02,0S,1
V02,542,1
V02,KIAS,1
V02,IHE,1
V02,220,1
V02,803280,1
V02,803278,1
V02,KA,1
V02,541,1
V02,1803,1
V02,221,1
V02,FCIH,1
V02,3K,1
V02,214Y,1
V02,70W,1
V02,HHI,1
V02,85,1
V02,803276,1
V02,222,1
V02,VH,1
V02,12,1
V02,"2""-MA173-BE-803-555",1
V02,"2""-MA173-BE-803-719",1
V02,7W,1
V02,557,1
V02,4216,1
V02,FQH,1
V02,NHN,1
V02,"2""-MA173-BE-803-565",1
V02,2441,1
V02,803293,1
V02,296,1
V02,164,1
V02,CUC,1
V02,LAF,1
V02,055,1
V02,H1,1
V02,059,1
V02,029,1
V02,AD,1
V02,62A,1
V02,023,1
V02,IVU,1
V02,WF,1
V02,058,1
V02,LR,1
V02,EI3,1
V02,063,1
V02,IK,1
V02,TTV,1
V02,064,1
V02,065,1
V02,6281,1
V02,057,1
V02,L0,1
V02,0J,1
V02,031,1
V02,32L,1
V02,65,1
V02,HC,1
V02,322049,1
V02,"3""",1
V02,723,1
V02,II,1
V02,N9,1
V02,N8,1
V02,NLL,1
V02,733354-MAZRFM,1
V02,EZE,1
V02,59,1
V02,34,1
V02,321035-DAIRNH,1
V02,ALA,1
V02,4IU,1
V02,321139-DAIRNH,1
V02,10,1
V02,AH,1
V02,N6,1
V02,050,1
V02,YL,1
V02,051,1
V02,INZ,1
V02,F7,1
V02,JH,1
V02,3L,1
V02,321143-DALRSH,1
V02,Z4,1
V02,NZ,1
V02,Z2,1
V02,322037-DAZRFM,1
V02,322038-DAZRFM,1
V02,"3""-DA325-BA-322-263",1
V02,JZ,1
V02,"3""-DA325-BA-322-262",1
V03,IP,1
V03,238,1
V03,8123,1
V03,CC,1
V03,MCS,1
V03,DSME,1
V03,PIT,1
V03,FO,1
V03,734312,1
V03,224,1
V03,4734512,1
V03,734514,1
V03,X1,1
V03,XH,1
V03,SCN,1
V03,730076,1
V03,730063,1
V03,730075,1
V03,734311,1
V03,734313,1
V03,41,1
V03,ZINC,1
V03,ITN,1
V03,KV,1
V03,730078,1
V03,730077,1
V03,734310,1
V03,730631,1
V03,730630,1
V03,233,1
V03,MCC,1
V03,734322,1
V03,1754322,1
V03,7343248,1
V03,XK,1
V03,MAIN,1
V03,DECK,1
V03,I24,1
V03,LK,1
V03,Z1,1
V03,BM,1
V03,730072,1
V03,0070,1
V03,730071,1
V03,734321,1
V03,SW-MRICX-730022,1
V03,734323,1
V03,4945-02,1
V03,730073,1
V03,730074,1
V03,SW-MRICX-730194,1
V03,4945-07,1
V03,ISP,1
V03,515501,1
V03,IHH,1
V03,AS,1
V03,FGS,1
V03,2F2,1
V03,388,1
V03,4945-05,1
V03,IH,1
V03,2816014,1
V03,5F,1
V03,MS,1
V03,-0,1
V03,TH,1
V03,PLC,1
V03,J02,1
V03,NS,1
V03,UREJ,1
V03,21602,1
V03,21601,1
V03,VENT,1
V03,32,1
V03,PSV,1
V03,KEHS,1
V03,8K,1
V03,UCIP,1
V03,4Z6,1
V03,HNH,1
V03,6A,1
V03,AO040HU100.300399,1
V03,"14""-HL-HU-24-721-B031",1
V03,633,1
V03,I29,1
V03,AO040HU100.302301,1
V03,24183,1
V03,"14""-HL-HU-24-723-B031",1
V03,"14""-HL-HU-24-129-B011",1
V03,829,1
V03,AO040HU100.302501,1
V03,83,1
V03,BOS,1
V03,BOI,1
V03,"3""",1
V03,24184,1
V03,187,1
V03,223,1
V03,"14""-HL-HU-23-108-B031",1
V03,28,1
V03,"6""",1
V03,88,1
V03,822,1
V03,"14""-HL-HU-23-085-B031",1
V03,FCL,1
V03,89,1
V03,HIC,1
V03,AO040HU100.307415,1
V03,73,1
V03,"10""",1
V03,FL,1
V03,J93,1
V03,HV,1
V03,XAD,1
V03,IFC,1
V03,093,1
V03,DE,1
V03,PVSV,1
V03,24,1
V03,ATM,1
V03,PS,1
V03,HS,1
V03,LS,1
V03,FII,1
V03,LC,1
V03,"12""-HG-HU-24-724-B032",1
V03,LL,1
V03,241,1
V03,81,1
V03,ILC,1
V03,CO,1
V03,"4""-TM-HU-24-033-D033",1
V03,"2""-TM-HU-24-034-D033",1
V03,"12""-HG-HU-24-409-B031",1
V03,"12""-IG-HU-24-409-B033",1
V03,"8""-TM-HU-24-035-D033",1
V03,HAZ,1
V03,TYPE,1
V03,P3,1
V03,HU-PA-8540F,1
V03,320,1
V03,UU,1
V03,J4,1
V03,872,1
V03,NO,1
V03,EZ,1
V03,82,1
V03,HU-PA-8540A,1
V03,HU-PA-8540B,1
V03,HU-PA-8570A,1
V03,NJ,1
V03,HU-PA-8570B,1
V03,222,1
V03,LY,1
V03,ZIC,1
V03,ZI,1
V03,XM,1
V03,JIIJ,1
V03,-1I,1
V03,L1,1
V03,B1,1
V03,B2,1
V03,A2,1
V03,-1,1
V03,HDIF,1
V03,HDIH,1
V03,-3,1
V03,-1S,1
V03,5S,1
V03,FJ,1
V03,KK,1
V03,YY,1
V04,283,1
V04,SEE,1
V04,OIM,1
V04,PID,1
V04,"24""-SW-6-72009-B630",1
V04,IJ,1
V04,7300,1
V04,44,1
V04,SEA,1
V04,588832,1
V04,"3""-JC-6-36004-B580",1
V04,MIN,1
V04,PLC,1
V04,"10""-SW-6-72017-B630",1
V04,J9,1
V04,NOTE,1
V04,883,1
V04,260,1
V04,NNF,1
V04,WASH,1
V04,FEED,1
V04,08-DA-791,1
V04,LI,1
V04,"2""-WD-6-72004-B580",1
V04,M2T1,1
V04,LL0,1
V04,S-673-A-002,1
V04,TP64,1
V04,TP66,1
V04,IZ,1
V04,115,1
V04,M269,1
V04,M830,1
V04,43,1
V04,S8,1
V04,ZO,1
V04,TP77,1
V04,TR36,1
V04,TP56,1
V04,S758-10004.001,1
V04,M794,1
V04,TP33,1
V04,TP27,1
V04,TP41,1
V04,TP7O,1
V04,211,1
V04,610,1
V04,TP37,1
V04,TP31,1
V04,HI,1
V04,TP39,1
V04,TP35,1
V04,183,1
V04,TP29,1
V04,LWS,1
V04,TP5O,1
V04,TP49,1
V04,TP87,1
V04,TP47,1
V04,TP5S,1
V04,TP42,1
V04,DECK,1
V04,0J,1
V04,138,1
V04,4H,1
V04,JH,1
V04,683,1
V04,833,1
V04,73,1
V04,014,1
V04,012,1
V04,613,1
V04,017,1
V04,016,1
V04,959,1
V04,8C,1
V04,S-674-A-005,1
V04,JU,1
V04,UMP,1
V04,DIS,1
V04,KC,1
V04,2Q,1
V04,XZY,1
V04,YHH,1
V04,AH,1
V04,PZT,1
V04,724,1
V04,735,1
V04,AL,1
V04,LL,1
V04,LLL,1
V04,206,1
V04,8-674-IDB-5033,1
V04,3-674-IDB-5032,1
V04,8-674-CHV-5030,1
V04,I8,1
V04,XI,1
V04,ZV7,1
V04,RSIH,1
V04,TPZ,1
V04,20-674-DW526-A1SEO-N,1
V04,TP1,1
V04,3-674-MV-5037,1
V04,720,1
V04,MV-5035,1
V04,8-674-MV-5036,1
V04,8P,1
V04,4-MV-5034,1
V04,TP4,1
V04,M289,1
V04,BV,1
V04,8-672,1
V04,UC,1
V04,831,1
V04,P1,1
V04,PSV,1
V04,739,1
V04,M1,1
V04,VC,1
V04,30-674-DW535-A1SEO-N,1
V04,Z0,1
V04,I9,1
V04,LIA,1
V04,VIDO,1
V04,8-674-MV-5079,1
V04,FBY,1
V04,LOL,1
V04,LG,1
V04,8-674-MV-5078,1
V04,740,1
V04,N2,1
V04,MHIJ,1
V04,RS,1
V04,LIB,1
V04,700,1
V04,21,1
V04,BV20,1
V04,238,1
V04,DOIF,1
V04,50-674-DW531-A1SEO-N,1
V04,7C,1
V04,N3,1
V04,MV-5061,1
V04,MV-5080,1
V04,VS,1
V04,S674-10003.001,1
V04,M228,1
V04,DI,1
V04,63,1
V04,FFRROMIFC-102002,1
V04,WI,1
V04,1090-00036,1
V04,CO,1
V04,102004,1
V04,IFIROMIFC-202002,1
V04,1090-00039,1
V04,GO,1
V04,SO,1
V04,PDI,1
V04,085601,1
V04,1090-00356,1
V04,0359-03,1
V04,S0,1
V04,11645-001,1
V04,383,1
V04,IH,1
V04,828,1
V04,0188,1
V04,ILFB,1
V04,6359-101,1
V04,353,1
V04,EXX,1
V04,1645-001,1
V04,846,1
V04,42,1
V04,505,1
V04,11645-200,1
V04,0359-04,1
V04,35,1
V04,W3OO,1
V04,55-WL-0026,1
V04,14,1
V04,55-WG-0055,1
V04,55-WG-0056,1
V04,P3O0,1
V04,489,1
V04,2-55L0014-FD2OS-4,1
V04,64,1
V04,55-WG-0034,1
V04,55-WL-0023,1
V04,2-,1
V04,55-WG-0021,1
V04,00-MX-U300-12,1
V04,55-WG-0033,1
V04,55-WG-0023,1
V04,55-WG-0022,1
V04,55-WL-0025,1
V04,1.75-GBFDOOJ,1
V04,L3,1
V04,55-WL-0014,1
V04,55-WL-0008,1
V04,P300,1
V04,U300,1
V04,00.75-GBFC,1
V04,P3OO,1
V04,H7,1
V04,7777,1
V04,NP-55L0042-FD2OS-4,1
V04,WP-55L0038-FD2OS-4,1
V04,55-WG-0060,1
V04,5-WG-0010,1
V04,58,1
V04,55-WG-0009,1
V04,55-WG-0061,1
V04,55-WG-0062,1
V04,01.00-GTFDOO,1
V04,5-WG-0007,1
V04,55-WG-0008,1
V04,LJ20,1
V04,77,1
V04,00-MX-P200-11,1
V04,55-WL-0002,1
V04,55-WL-0027,1
V04,LPT,1
V04,U200,1
V04,00.75-GBFD,1
V04,55-WG-0070,1
V04,00.75-GTFDOO,1
V04,71,1
V04,55-WG-0067,1
V04,55-WG-0068,1
V04,01.00-GTFDO,1
V04,55-WG-0036,1
V04,55-WG-0035,1
V04,82,1
V04,55-WL-0031,1
V04,01.00-GTFDOC,1
V04,L8,1
V04,55-WL-0015,1
V04,00.75-GBFDOO,1
V04,003,1
V04,55L0012-FD2OS-4,1
V04,FOOO,1
V04,882,1
V04,55L0010-FD2OS-4,1
V04,55-WG-001,1
V04,55-WG-0015,1
V04,55-WG-0016,1
V04,55-WG-0064,1
V04,55-WG-0013,1
V04,55-WG-0011,1
V04,55-WG-0014,1
V04,55-WG-0012,1
V04,55-WG-0017,1
V04,01.00-GTFDC,1
V04,1.00-GTFDOOJ,1
V04,F7,1
V04,NOT,1
V04,55-WL-0004,1
V04,55-WL-0003,1
V04,5-WL-0005,1
V04,55-WL-0029,1
V04,55-WL-0006,1
V04,W2OO,1
V04,KK,1
V04,74,1
V04,U1OO,1
V04,IP-55L0023-FD2OS-4,1
V04,2-55L0033-FD2OS-4,1
V04,55-WG-0037,1
V04,55-WG-0038,1
V04,55-WG-0065,1
V04,55-WG-0066,1
V04,KI,1
V04,LZ,1
V04,17,1
V04,55-WL-0016,1
V04,55-WL-0030,1
V04,55-WG-006,1
V04,45,1
V04,00.75-GBFDOOS,1
V04,00.75-GTFDC,1
V04,WP-55L0032-FD2OS-4,1
