vendor,mask,slot_index,allowed_chars
V01,"#""",0,1234568
V01,"#""",1,""""
V01,"#""-AA-####-A##",0,24
V01,"#""-AA-####-A##",1,""""
V01,"#""-AA-####-A##",2,-
V01,"#""-AA-####-A##",3,CL
V01,"#""-AA-####-A##",4,DH
V01,"#""-AA-####-A##",5,-
V01,"#""-AA-####-A##",6,2
V01,"#""-AA-####-A##",7,9
V01,"#""-AA-####-A##",8,8
V01,"#""-AA-####-A##",9,23
V01,"#""-AA-####-A##",10,-
V01,"#""-AA-####-A##",11,A
V01,"#""-AA-####-A##",12,1
V01,"#""-AA-####-A##",13,3
V01,"#""-AA-AA###-#",0,26
V01,"#""-AA-AA###-#",1,""""
V01,"#""-AA-AA###-#",2,-
V01,"#""-AA-AA###-#",3,MT
V01,"#""-AA-AA###-#",4,CL
V01,"#""-AA-AA###-#",5,-
V01,"#""-AA-AA###-#",6,D
V01,"#""-AA-AA###-#",7,A
V01,"#""-AA-AA###-#",8,1
V01,"#""-AA-AA###-#",9,02
V01,"#""-AA-AA###-#",10,5
V01,"#""-AA-AA###-#",11,-
V01,"#""-AA-AA###-#",12,25
V01,"#""-AA-AA###-##",0,268
V01,"#""-AA-AA###-##",1,""""
V01,"#""-AA-AA###-##",2,-
V01,"#""-AA-AA###-##",3,M
V01,"#""-AA-AA###-##",4,L
V01,"#""-AA-AA###-##",5,-
V01,"#""-AA-AA###-##",6,D
V01,"#""-AA-AA###-##",7,A
V01,"#""-AA-AA###-##",8,1
V01,"#""-AA-AA###-##",9,2
V01,"#""-AA-AA###-##",10,5
V01,"#""-AA-AA###-##",11,-
V01,"#""-AA-AA###-##",12,167
V01,"#""-AA-AA###-##",13,238
V01,"#""-AA-AA###-###",0,234568
V01,"#""-AA-AA###-###",1,""""
V01,"#""-AA-AA###-###",2,-
V01,"#""-AA-AA###-###",3,BDMT
V01,"#""-AA-AA###-###",4,ACFHLOW
V01,"#""-AA-AA###-###",5,-
V01,"#""-AA-AA###-###",6,D
V01,"#""-AA-AA###-###",7,AL
V01,"#""-AA-AA###-###",8,126
V01,"#""-AA-AA###-###",9,02569
V01,"#""-AA-AA###-###",10,45
V01,"#""-AA-AA###-###",11,-
V01,"#""-AA-AA###-###",12,01245678
V01,"#""-AA-AA###-###",13,012345678
V01,"#""-AA-AA###-###",14,0123456789
V01,"#""-AA-AA###--",0,26
V01,"#""-AA-AA###--",1,""""
V01,"#""-AA-AA###--",2,-
V01,"#""-AA-AA###--",3,MT
V01,"#""-AA-AA###--",4,CL
V01,"#""-AA-AA###--",5,-
V01,"#""-AA-AA###--",6,D
V01,"#""-AA-AA###--",7,A
V01,"#""-AA-AA###--",8,1
V01,"#""-AA-AA###--",9,02
V01,"#""-AA-AA###--",10,5
V01,"#""-AA-AA###--",11,-
V01,"#""-AA-AA###--",12,-
V01,##,0,01234678
V01,##,1,0123456789
V01,"##""",0,1
V01,"##""",1,02
V01,"##""",2,""""
V01,"##""-AA-AA###-##",0,1
V01,"##""-AA-AA###-##",1,0
V01,"##""-AA-AA###-##",2,""""
V01,"##""-AA-AA###-##",3,-
V01,"##""-AA-AA###-##",4,MT
V01,"##""-AA-AA###-##",5,CL
V01,"##""-AA-AA###-##",6,-
V01,"##""-AA-AA###-##",7,D
V01,"##""-AA-AA###-##",8,A
V01,"##""-AA-AA###-##",9,1
V01,"##""-AA-AA###-##",10,02
V01,"##""-AA-AA###-##",11,5
V01,"##""-AA-AA###-##",12,-
V01,"##""-AA-AA###-##",13,15
V01,"##""-AA-AA###-##",14,03
V01,"##""-AA-AA###-###",0,1
V01,"##""-AA-AA###-###",1,024
V01,"##""-AA-AA###-###",2,""""
V01,"##""-AA-AA###-###",3,-
V01,"##""-AA-AA###-###",4,M
V01,"##""-AA-AA###-###",5,L
V01,"##""-AA-AA###-###",6,-
V01,"##""-AA-AA###-###",7,D
V01,"##""-AA-AA###-###",8,A
V01,"##""-AA-AA###-###",9,1
V01,"##""-AA-AA###-###",10,2
V01,"##""-AA-AA###-###",11,5
V01,"##""-AA-AA###-###",12,-
V01,"##""-AA-AA###-###",13,01235
V01,"##""-AA-AA###-###",14,02368
V01,"##""-AA-AA###-###",15,124789
V01,###,0,0123456789
V01,###,1,012345679
V01,###,2,0123456789
V01,####,0,0128
V01,####,1,2347
V01,####,2,238
V01,####,3,1234
V01,#####,0,34
V01,#####,1,129
V01,#####,2,157
V01,#####,3,4
V01,#####,4,129
V01,###-AA-AA###-###,0,26
V01,###-AA-AA###-###,1,5
V01,###-AA-AA###-###,2,4
V01,###-AA-AA###-###,3,-
V01,###-AA-AA###-###,4,C
V01,###-AA-AA###-###,5,W
V01,###-AA-AA###-###,6,-
V01,###-AA-AA###-###,7,M
V01,###-AA-AA###-###,8,P
V01,###-AA-AA###-###,9,8
V01,###-AA-AA###-###,10,4
V01,###-AA-AA###-###,11,3
V01,###-AA-AA###-###,12,-
V01,###-AA-AA###-###,13,9
V01,###-AA-AA###-###,14,3
V01,###-AA-AA###-###,15,57
V01,###A,0,13
V01,###A,1,567
V01,###A,2,028
V01,###A,3,ABC
V01,##A,0,016
V01,##A,1,59
V01,##A,2,AZ
V01,#-#,0,05
V01,#-#,1,-
V01,#-#,2,15
V01,#A,0,1347
V01,#A,1,ADEFJLTU
V01,#A#,0,024
V01,#A#,1,OQZ
V01,#A#,2,028
V01,#AA,0,012
V01,#AA,1,DFOT
V01,#AA,2,AEJWZ
V01,-AA-AA###-###,0,-
V01,-AA-AA###-###,1,MT
V01,-AA-AA###-###,2,CH
V01,-AA-AA###-###,3,-
V01,-AA-AA###-###,4,D
V01,-AA-AA###-###,5,AL
V01,-AA-AA###-###,6,16
V01,-AA-AA###-###,7,0
V01,-AA-AA###-###,8,45
V01,-AA-AA###-###,9,-
V01,-AA-AA###-###,10,04
V01,-AA-AA###-###,11,15
V01,-AA-AA###-###,12,09
V01,A#,0,BEJMNYZ
V01,A#,1,123456789
V01,A##,0,BJN
V01,A##,1,014
V01,A##,2,0137
V01,A##.A,0,N
V01,A##.A,1,2
V01,A##.A,2,2
V01,A##.A,3,.
V01,A##.A,4,J
V01,A##A,0,HI
V01,A##A,1,05
V01,A##A,2,0
V01,A##A,3,AF
V01,A#A,0,BN
V01,A#A,1,4
V01,A#A,2,DIQ
V01,A.#,0,N
V01,A.#,1,.
V01,A.#,2,0
V01,AA,0,CDEFHIJLMNOPQRTUVWZ
V01,AA,1,ACDEFGHIJLOPQTUVWZ
V01,AA#,0,EFHJS
V01,AA#,1,CILVX
V01,AA#,2,3457
V01,AA###AA##-##,0,D
V01,AA###AA##-##,1,A
V01,AA###AA##-##,2,7
V01,AA###AA##-##,3,2
V01,AA###AA##-##,4,6
V01,AA###AA##-##,5,R
V01,AA###AA##-##,6,O
V01,AA###AA##-##,7,0
V01,AA###AA##-##,8,1
V01,AA###AA##-##,9,-
V01,AA###AA##-##,10,1
V01,AA###AA##-##,11,5
V01,AA-AA###-###,0,MT
V01,AA-AA###-###,1,CHL
V01,AA-AA###-###,2,-
V01,AA-AA###-###,3,BD
V01,AA-AA###-###,4,AL
V01,AA-AA###-###,5,126
V01,AA-AA###-###,6,02
V01,AA-AA###-###,7,45
V01,AA-AA###-###,8,-
V01,AA-AA###-###,9,036
V01,AA-AA###-###,10,0235
V01,AA-AA###-###,11,234579
V01,AAA,0,DHILMNSTUV
V01,AAA,1,CDFHILOQUV
V01,AAA,2,CDFIJLNORTVZ
V01,AAA-###,0,LP
V01,AAA-###,1,IS
V01,AAA-###,2,TV
V01,AAA-###,3,-
V01,AAA-###,4,0
V01,AAA-###,5,02
V01,AAA-###,6,23
V01,AAAA,0,BFIMNPRSTY
V01,AAAA,1,AHORTUV
V01,AAAA,2,BCLNORTV
V01,AAAA,3,DEKMTV
V01,AAAA#AAAAA-##,0,K
V01,AAAA#AAAAA-##,1,D
V01,AAAA#AAAAA-##,2,A
V01,AAAA#AAAAA-##,3,B
V01,AAAA#AAAAA-##,4,4
V01,AAAA#AAAAA-##,5,Z
V01,AAAA#AAAAA-##,6,R
V01,AAAA#AAAAA-##,7,O
V01,AAAA#AAAAA-##,8,O
V01,AAAA#AAAAA-##,9,I
V01,AAAA#AAAAA-##,10,-
V01,AAAA#AAAAA-##,11,1
V01,AAAA#AAAAA-##,12,3
V01,AAAA-#,0,NPTV
V01,AAAA-#,1,OUY
V01,AAAA-#,2,MPT
V01,AAAA-#,3,EP
V01,AAAA-#,4,-
V01,AAAA-#,5,2568
V02,"#""",0,12356
V02,"#""",1,""""
V02,"#""-AA###-AA-###-###",0,1236
V02,"#""-AA###-AA-###-###",1,""""
V02,"#""-AA###-AA-###-###",2,-
V02,"#""-AA###-AA-###-###",3,DM
V02,"#""-AA###-AA-###-###",4,A
V02,"#""-AA###-AA-###-###",5,13
V02,"#""-AA###-AA-###-###",6,27
V02,"#""-AA###-AA-###-###",7,235
V02,"#""-AA###-AA-###-###",8,-
V02,"#""-AA###-AA-###-###",9,BM
V02,"#""-AA###-AA-###-###",10,AEL
V02,"#""-AA###-AA-###-###",11,-
V02,"#""-AA###-AA-###-###",12,38
V02,"#""-AA###-AA-###-###",13,02
V02,"#""-AA###-AA-###-###",14,234
V02,"#""-AA###-AA-###-###",15,-
V02,"#""-AA###-AA-###-###",16,2578
V02,"#""-AA###-AA-###-###",17,012456
V02,"#""-AA###-AA-###-###",18,23456789
V02,##,0,0123456789
V02,##,1,0123456789
V02,###,0,012345678
V02,###,1,0123456789
V02,###,2,0123456789
V02,####,0,12345678
V02,####,1,1245689
V02,####,2,0134678
V02,####,3,13567
V02,######,0,38
V02,######,1,02
V02,######,2,23
V02,######,3,024
V02,######,4,34789
V02,######,5,02345689
V02,#######,0,3
V02,#######,1,2
V02,#######,2,24
V02,#######,3,1
V02,#######,4,28
V02,#######,5,01345
V02,#######,6,02345679
V02,######-AAAAAA,0,378
V02,######-AAAAAA,1,023
V02,######-AAAAAA,2,123
V02,######-AAAAAA,3,01234
V02,######-AAAAAA,4,3458
V02,######-AAAAAA,5,3456789
V02,######-AAAAAA,6,-
V02,######-AAAAAA,7,DM
V02,######-AAAAAA,8,A
V02,######-AAAAAA,9,ILSTZ
V02,######-AAAAAA,10,FR
V02,######-AAAAAA,11,CFKNS
V02,######-AAAAAA,12,BCHM
V02,###-AA###,0,3
V02,###-AA###,1,2
V02,###-AA###,2,34
V02,###-AA###,3,-
V02,###-AA###,4,CEP
V02,###-AA###,5,AHJM
V02,###-AA###,6,1
V02,###-AA###,7,0
V02,###-AA###,8,234578
V02,###A,0,12
V02,###A,1,013
V02,###A,2,014
V02,###A,3,ABCHY
V02,##A,0,35678
V02,##A,1,025
V02,##A,2,AFLW
V02,#-,0,0138
V02,#-,1,-
V02,#A,0,0123467
V02,#A,1,FJKLOPRSWX
V02,#AA,0,0234
V02,#AA,1,EIOX
V02,#AA,2,KSUZ
V02,#AA#,0,28
V02,#AA#,1,E
V02,#AA#,2,J
V02,#AA#,3,8
V02,-AA###-AA-###-###,0,-
V02,-AA###-AA-###-###,1,D
V02,-AA###-AA-###-###,2,A
V02,-AA###-AA-###-###,3,13
V02,-AA###-AA-###-###,4,259
V02,-AA###-AA-###-###,5,2
V02,-AA###-AA-###-###,6,-
V02,-AA###-AA-###-###,7,CM
V02,-AA###-AA-###-###,8,BLN
V02,-AA###-AA-###-###,9,-
V02,-AA###-AA-###-###,10,3
V02,-AA###-AA-###-###,11,2
V02,-AA###-AA-###-###,12,134
V02,-AA###-AA-###-###,13,-
V02,-AA###-AA-###-###,14,12
V02,-AA###-AA-###-###,15,01245
V02,-AA###-AA-###-###,16,012459
V02,A#,0,AEFHJLNPRSVZ
V02,A#,1,0123456789
V02,AA,0,ABCDEFHIJKLMNPRSTUVWXYZ
V02,AA,1,ACDEFHIJKLMNOPRSTVWXYZ
V02,AA#,0,EFHMW
V02,AA#,1,CIOXZ
V02,AA#,2,123457
V02,AAA,0,ACDEFHIJLMNPTU
V02,AAA,1,ABCDFHIJKLNOQSTUVZ
V02,AAA,2,ACEFHILNOPRSTUVZ
V02,AAAA,0,ABCDFHKLNPX
V02,AAAA,1,ACGILOTUZ
V02,AAAA,2,ACFHIMNORST
V02,AAAA,3,ADEFHILNST
V02,AAAA-#,0,N
V02,AAAA-#,1,O
V02,AAAA-#,2,T
V02,AAAA-#,3,E
V02,AAAA-#,4,-
V02,AAAA-#,5,478
V03,"#""",0,136
V03,"#""",1,""""
V03,"#""-AA-AA-##-###-A###",0,248
V03,"#""-AA-AA-##-###-A###",1,""""
V03,"#""-AA-AA-##-###-A###",2,-
V03,"#""-AA-AA-##-###-A###",3,T
V03,"#""-AA-AA-##-###-A###",4,M
V03,"#""-AA-AA-##-###-A###",5,-
V03,"#""-AA-AA-##-###-A###",6,H
V03,"#""-AA-AA-##-###-A###",7,U
V03,"#""-AA-AA-##-###-A###",8,-
V03,"#""-AA-AA-##-###-A###",9,2
V03,"#""-AA-AA-##-###-A###",10,4
V03,"#""-AA-AA-##-###-A###",11,-
V03,"#""-AA-AA-##-###-A###",12,0
V03,"#""-AA-AA-##-###-A###",13,3
V03,"#""-AA-AA-##-###-A###",14,345
V03,"#""-AA-AA-##-###-A###",15,-
V03,"#""-AA-AA-##-###-A###",16,D
V03,"#""-AA-AA-##-###-A###",17,0
V03,"#""-AA-AA-##-###-A###",18,3
V03,"#""-AA-AA-##-###-A###",19,3
V03,##,0,123478
V03,##,1,1234789
V03,"##""",0,1
V03,"##""",1,02
V03,"##""",2,""""
V03,"##""-AA-AA-##-###-A###",0,1
V03,"##""-AA-AA-##-###-A###",1,24
V03,"##""-AA-AA-##-###-A###",2,""""
V03,"##""-AA-AA-##-###-A###",3,-
V03,"##""-AA-AA-##-###-A###",4,HI
V03,"##""-AA-AA-##-###-A###",5,GL
V03,"##""-AA-AA-##-###-A###",6,-
V03,"##""-AA-AA-##-###-A###",7,H
V03,"##""-AA-AA-##-###-A###",8,U
V03,"##""-AA-AA-##-###-A###",9,-
V03,"##""-AA-AA-##-###-A###",10,2
V03,"##""-AA-AA-##-###-A###",11,34
V03,"##""-AA-AA-##-###-A###",12,-
V03,"##""-AA-AA-##-###-A###",13,0147
V03,"##""-AA-AA-##-###-A###",14,028
V03,"##""-AA-AA-##-###-A###",15,134589
V03,"##""-AA-AA-##-###-A###",16,-
V03,"##""-AA-AA-##-###-A###",17,B
V03,"##""-AA-AA-##-###-A###",18,0
V03,"##""-AA-AA-##-###-A###",19,13
V03,"##""-AA-AA-##-###-A###",20,123
V03,###,0,012368
V03,###,1,234789
V03,###,2,01234789
V03,####,0,08
V03,####,1,01
V03,####,2,27
V03,####,3,03
V03,#####,0,2
V03,#####,1,14
V03,#####,2,16
V03,#####,3,08
V03,#####,4,12345
V03,######,0,257
V03,######,1,138
V03,######,2,0145
V03,######,3,0356
V03,######,4,012367
V03,######,5,012345678
V03,#######,0,1247
V03,#######,1,378
V03,#######,2,1345
V03,#######,3,346
V03,#######,4,0235
V03,#######,5,124
V03,#######,6,248
V03,####-##,0,4
V03,####-##,1,9
V03,####-##,2,4
V03,####-##,3,5
V03,####-##,4,-
V03,####-##,5,0
V03,####-##,6,2457
V03,#A,0,1568
V03,#A,1,AFHKS
V03,#A#,0,24
V03,#A#,1,FZ
V03,#A#,2,26
V03,-#,0,-
V03,-#,1,013
V03,-#A,0,-
V03,-#A,1,1
V03,-#A,2,IS
V03,A#,0,ABJLPXZ
V03,A#,1,1234
V03,A##,0,IJ
V03,A##,1,029
V03,A##,2,2349
V03,AA,0,ABCDEFHIKLMNPTUXYZ
V03,AA,1,ACDEFGHIJKLMOPSTUVYZ
V03,AA###AA###.######,0,A
V03,AA###AA###.######,1,O
V03,AA###AA###.######,2,0
V03,AA###AA###.######,3,4
V03,AA###AA###.######,4,0
V03,AA###AA###.######,5,H
V03,AA###AA###.######,6,U
V03,AA###AA###.######,7,1
V03,AA###AA###.######,8,0
V03,AA###AA###.######,9,0
V03,AA###AA###.######,10,.
V03,AA###AA###.######,11,3
V03,AA###AA###.######,12,0
V03,AA###AA###.######,13,027
V03,AA###AA###.######,14,345
V03,AA###AA###.######,15,019
V03,AA###AA###.######,16,159
V03,AA-A-####,0,H
V03,AA-A-####,1,U
V03,AA-A-####,2,-
V03,AA-A-####,3,T
V03,AA-A-####,4,-
V03,AA-A-####,5,2
V03,AA-A-####,6,4
V03,AA-A-####,7,1
V03,AA-A-####,8,1
V03,AA-AA-####A,0,H
V03,AA-AA-####A,1,U
V03,AA-AA-####A,2,-
V03,AA-AA-####A,3,P
V03,AA-AA-####A,4,A
V03,AA-AA-####A,5,-
V03,AA-AA-####A,6,8
V03,AA-AA-####A,7,5
V03,AA-AA-####A,8,47
V03,AA-AA-####A,9,0
V03,AA-AA-####A,10,ABF
V03,AA-AAAAA-######,0,S
V03,AA-AAAAA-######,1,W
V03,AA-AAAAA-######,2,-
V03,AA-AAAAA-######,3,M
V03,AA-AAAAA-######,4,R
V03,AA-AAAAA-######,5,I
V03,AA-AAAAA-######,6,C
V03,AA-AAAAA-######,7,X
V03,AA-AAAAA-######,8,-
V03,AA-AAAAA-######,9,7
V03,AA-AAAAA-######,10,3
V03,AA-AAAAA-######,11,0
V03,AA-AAAAA-######,12,01
V03,AA-AAAAA-######,13,29
V03,AA-AAAAA-######,14,24
V03,AAA,0,ABFHILMPRSUXZ
V03,AAA,1,ACDFGHILNOST
V03,AAA,2,CDHILMNOPSTVZ
V03,AAAA,0,DHJKMPTUVZ
V03,AAAA,1,ACDEIRSVY
V03,AAAA,2,CEHIMNPS
V03,AAAA,3,CEFHIJKNPSTV
V03,AAAA#-#,0,T
V03,AAAA#-#,1,Y
V03,AAAA#-#,2,P
V03,AAAA#-#,3,E
V03,AAAA#-#,4,4
V03,AAAA#-#,5,-
V03,AAAA#-#,6,18
V04,"#""-AA-#-#####-A###",0,23
V04,"#""-AA-#-#####-A###",1,""""
V04,"#""-AA-#-#####-A###",2,-
V04,"#""-AA-#-#####-A###",3,JW
V04,"#""-AA-#-#####-A###",4,CD
V04,"#""-AA-#-#####-A###",5,-
V04,"#""-AA-#-#####-A###",6,6
V04,"#""-AA-#-#####-A###",7,-
V04,"#""-AA-#-#####-A###",8,37
V04,"#""-AA-#-#####-A###",9,26
V04,"#""-AA-#-#####-A###",10,0
V04,"#""-AA-#-#####-A###",11,0
V04,"#""-AA-#-#####-A###",12,4
V04,"#""-AA-#-#####-A###",13,-
V04,"#""-AA-#-#####-A###",14,B
V04,"#""-AA-#-#####-A###",15,5
V04,"#""-AA-#-#####-A###",16,8
V04,"#""-AA-#-#####-A###",17,0
V04,##,0,12345678
V04,##,1,0123456789
V04,"##""-AA-#-#####-A###",0,12
V04,"##""-AA-#-#####-A###",1,04
V04,"##""-AA-#-#####-A###",2,""""
V04,"##""-AA-#-#####-A###",3,-
V04,"##""-AA-#-#####-A###",4,S
V04,"##""-AA-#-#####-A###",5,W
V04,"##""-AA-#-#####-A###",6,-
V04,"##""-AA-#-#####-A###",7,6
V04,"##""-AA-#-#####-A###",8,-
V04,"##""-AA-#-#####-A###",9,7
V04,"##""-AA-#-#####-A###",10,2
V04,"##""-AA-#-#####-A###",11,0
V04,"##""-AA-#-#####-A###",12,01
V04,"##""-AA-#-#####-A###",13,79
V04,"##""-AA-#-#####-A###",14,-
V04,"##""-AA-#-#####-A###",15,B
V04,"##""-AA-#-#####-A###",16,6
V04,"##""-AA-#-#####-A###",17,3
V04,"##""-AA-#-#####-A###",18,0
V04,###,0,0123456789
V04,###,1,012345678
V04,###,2,0123456789
V04,####,0,07
V04,####,1,137
V04,####,2,078
V04,####,3,078
V04,######,0,015
V04,######,1,08
V04,######,2,258
V04,######,3,068
V04,######,4,03
V04,######,5,124
V04,#####-###,0,1
V04,#####-###,1,1
V04,#####-###,2,6
V04,#####-###,3,4
V04,#####-###,4,5
V04,#####-###,5,-
V04,#####-###,6,02
V04,#####-###,7,0
V04,#####-###,8,01
V04,####-##,0,0
V04,####-##,1,3
V04,####-##,2,5
V04,####-##,3,9
V04,####-##,4,-
V04,####-##,5,0
V04,####-##,6,34
V04,####-###,0,16
V04,####-###,1,36
V04,####-###,2,45
V04,####-###,3,59
V04,####-###,4,-
V04,####-###,5,01
V04,####-###,6,0
V04,####-###,7,1
V04,####-#####,0,1
V04,####-#####,1,0
V04,####-#####,2,9
V04,####-#####,3,0
V04,####-#####,4,-
V04,####-#####,5,0
V04,####-#####,6,0
V04,####-#####,7,03
V04,####-#####,8,35
V04,####-#####,9,69
V04,###A,0,7
V04,###A,1,3
V04,###A,2,0
V04,###A,3,A
V04,##-###-AA###-A#AAA-A,0,235
V04,##-###-AA###-A#AAA-A,1,0
V04,##-###-AA###-A#AAA-A,2,-
V04,##-###-AA###-A#AAA-A,3,6
V04,##-###-AA###-A#AAA-A,4,7
V04,##-###-AA###-A#AAA-A,5,4
V04,##-###-AA###-A#AAA-A,6,-
V04,##-###-AA###-A#AAA-A,7,D
V04,##-###-AA###-A#AAA-A,8,W
V04,##-###-AA###-A#AAA-A,9,5
V04,##-###-AA###-A#AAA-A,10,23
V04,##-###-AA###-A#AAA-A,11,156
V04,##-###-AA###-A#AAA-A,12,-
V04,##-###-AA###-A#AAA-A,13,A
V04,##-###-AA###-A#AAA-A,14,1
V04,##-###-AA###-A#AAA-A,15,S
V04,##-###-AA###-A#AAA-A,16,E
V04,##-###-AA###-A#AAA-A,17,O
V04,##-###-AA###-A#AAA-A,18,-
V04,##-###-AA###-A#AAA-A,19,N
V04,##-AA-###,0,05
V04,##-AA-###,1,58
V04,##-AA-###,2,-
V04,##-AA-###,3,DW
V04,##-AA-###,4,AG
V04,##-AA-###,5,-
V04,##-AA-###,6,07
V04,##-AA-###,7,09
V04,##-AA-###,8,16
V04,##-AA-####,0,5
V04,##-AA-####,1,5
V04,##-AA-####,2,-
V04,##-AA-####,3,W
V04,##-AA-####,4,GL
V04,##-AA-####,5,-
V04,##-AA-####,6,0
V04,##-AA-####,7,0
V04,##-AA-####,8,0123567
V04,##-AA-####,9,0123456789
V04,##-AA-A###-##,0,0
V04,##-AA-A###-##,1,0
V04,##-AA-A###-##,2,-
V04,##-AA-A###-##,3,M
V04,##-AA-A###-##,4,X
V04,##-AA-A###-##,5,-
V04,##-AA-A###-##,6,PU
V04,##-AA-A###-##,7,23
V04,##-AA-A###-##,8,0
V04,##-AA-A###-##,9,0
V04,##-AA-A###-##,10,-
V04,##-AA-A###-##,11,1
V04,##-AA-A###-##,12,12
V04,##.##,0,0
V04,##.##,1,03
V04,##.##,2,.
V04,##.##,3,03
V04,##.##,4,08
V04,##.##-AAAA,0,0
V04,##.##-AAAA,1,01
V04,##.##-AAAA,2,.
V04,##.##-AAAA,3,07
V04,##.##-AAAA,4,05
V04,##.##-AAAA,5,-
V04,##.##-AAAA,6,G
V04,##.##-AAAA,7,BT
V04,##.##-AAAA,8,F
V04,##.##-AAAA,9,CD
V04,##.##-AAAAA,0,0
V04,##.##-AAAAA,1,01
V04,##.##-AAAAA,2,.
V04,##.##-AAAAA,3,07
V04,##.##-AAAAA,4,05
V04,##.##-AAAAA,5,-
V04,##.##-AAAAA,6,G
V04,##.##-AAAAA,7,T
V04,##.##-AAAAA,8,F
V04,##.##-AAAAA,9,D
V04,##.##-AAAAA,10,CO
V04,##.##-AAAAAA,0,0
V04,##.##-AAAAAA,1,01
V04,##.##-AAAAAA,2,.
V04,##.##-AAAAAA,3,07
V04,##.##-AAAAAA,4,05
V04,##.##-AAAAAA,5,-
V04,##.##-AAAAAA,6,G
V04,##.##-AAAAAA,7,BT
V04,##.##-AAAAAA,8,F
V04,##.##-AAAAAA,9,D
V04,##.##-AAAAAA,10,O
V04,##.##-AAAAAA,11,CO
V04,##.##-AAAAAAA,0,0
V04,##.##-AAAAAAA,1,01
V04,##.##-AAAAAAA,2,.
V04,##.##-AAAAAAA,3,07
V04,##.##-AAAAAAA,4,05
V04,##.##-AAAAAAA,5,-
V04,##.##-AAAAAAA,6,G
V04,##.##-AAAAAAA,7,BT
V04,##.##-AAAAAAA,8,F
V04,##.##-AAAAAAA,9,D
V04,##.##-AAAAAAA,10,O
V04,##.##-AAAAAAA,11,O
V04,##.##-AAAAAAA,12,JS
V04,##A####-AA#AA-#,0,5
V04,##A####-AA#AA-#,1,5
V04,##A####-AA#AA-#,2,L
V04,##A####-AA#AA-#,3,0
V04,##A####-AA#AA-#,4,0
V04,##A####-AA#AA-#,5,1
V04,##A####-AA#AA-#,6,02
V04,##A####-AA#AA-#,7,-
V04,##A####-AA#AA-#,8,F
V04,##A####-AA#AA-#,9,D
V04,##A####-AA#AA-#,10,2
V04,##A####-AA#AA-#,11,O
V04,##A####-AA#AA-#,12,S
V04,##A####-AA#AA-#,13,-
V04,##A####-AA#AA-#,14,4
V04,#-,0,02
V04,#-,1,-
V04,#-#,0,05
V04,#-#,1,-
V04,#-#,2,04
V04,#-###,0,58
V04,#-###,1,-
V04,#-###,2,6
V04,#-###,3,7
V04,#-###,4,24
V04,#-###-AA-####,0,38
V04,#-###-AA-####,1,-
V04,#-###-AA-####,2,6
V04,#-###-AA-####,3,7
V04,#-###-AA-####,4,4
V04,#-###-AA-####,5,-
V04,#-###-AA-####,6,M
V04,#-###-AA-####,7,V
V04,#-###-AA-####,8,-
V04,#-###-AA-####,9,5
V04,#-###-AA-####,10,0
V04,#-###-AA-####,11,37
V04,#-###-AA-####,12,6789
V04,#-###-AAA-####,0,38
V04,#-###-AAA-####,1,-
V04,#-###-AAA-####,2,6
V04,#-###-AAA-####,3,7
V04,#-###-AAA-####,4,4
V04,#-###-AAA-####,5,-
V04,#-###-AAA-####,6,CI
V04,#-###-AAA-####,7,DH
V04,#-###-AAA-####,8,BV
V04,#-###-AAA-####,9,-
V04,#-###-AAA-####,10,5
V04,#-###-AAA-####,11,0
V04,#-###-AAA-####,12,3
V04,#-###-AAA-####,13,023
V04,#-##A####-AA#AA-#,0,2
V04,#-##A####-AA#AA-#,1,-
V04,#-##A####-AA#AA-#,2,5
V04,#-##A####-AA#AA-#,3,5
V04,#-##A####-AA#AA-#,4,L
V04,#-##A####-AA#AA-#,5,0
V04,#-##A####-AA#AA-#,6,0
V04,#-##A####-AA#AA-#,7,13
V04,#-##A####-AA#AA-#,8,34
V04,#-##A####-AA#AA-#,9,-
V04,#-##A####-AA#AA-#,10,F
V04,#-##A####-AA#AA-#,11,D
V04,#-##A####-AA#AA-#,12,2
V04,#-##A####-AA#AA-#,13,O
V04,#-##A####-AA#AA-#,14,S
V04,#-##A####-AA#AA-#,15,-
V04,#-##A####-AA#AA-#,16,4
V04,#-AA-####,0,45
V04,#-AA-####,1,-
V04,#-AA-####,2,MW
V04,#-AA-####,3,GLV
V04,#-AA-####,4,-
V04,#-AA-####,5,05
V04,#-AA-####,6,0
V04,#-AA-####,7,013
V04,#-AA-####,8,0457
V04,#.##-AAAAAAA,0,1
V04,#.##-AAAAAAA,1,.
V04,#.##-AAAAAAA,2,07
V04,#.##-AAAAAAA,3,05
V04,#.##-AAAAAAA,4,-
V04,#.##-AAAAAAA,5,G
V04,#.##-AAAAAAA,6,BT
V04,#.##-AAAAAAA,7,F
V04,#.##-AAAAAAA,8,D
V04,#.##-AAAAAAA,9,O
V04,#.##-AAAAAAA,10,O
V04,#.##-AAAAAAA,11,J
V04,#A,0,02478
V04,#A,1,CHJPQ
V04,-#,0,-
V04,-#,1,0
V04,A#,0,FHIJLMNPSZ
V04,A#,1,0123789
V04,A###,0,MPU
V04,A###,1,2378
V04,A###,2,023689
V04,A###,3,0489
V04,A###-#####.###,0,S
V04,A###-#####.###,1,67
V04,A###-#####.###,2,57
V04,A###-#####.###,3,48
V04,A###-#####.###,4,-
V04,A###-#####.###,5,1
V04,A###-#####.###,6,0
V04,A###-#####.###,7,0
V04,A###-#####.###,8,0
V04,A###-#####.###,9,234
V04,A###-#####.###,10,.
V04,A###-#####.###,11,0
V04,A###-#####.###,12,0
V04,A###-#####.###,13,1
V04,A#A#,0,MP
V04,A#A#,1,23
V04,A#A#,2,OT
V04,A#A#,3,01
V04,A#AA,0,PUW
V04,A#AA,1,123
V04,A#AA,2,O
V04,A#AA,3,O
V04,A-###-A-###,0,S
V04,A-###-A-###,1,-
V04,A-###-A-###,2,6
V04,A-###-A-###,3,7
V04,A-###-A-###,4,34
V04,A-###-A-###,5,-
V04,A-###-A-###,6,A
V04,A-###-A-###,7,-
V04,A-###-A-###,8,0
V04,A-###-A-###,9,0
V04,A-###-A-###,10,25
V04,AA,0,ABCDGHIJKLNPRSTUVWXZ
V04,AA,1,CFGHIJKLOPSTUVZ
V04,AA#,0,LTZ
V04,AA#,1,LPV
V04,AA#,2,0147
V04,AA##,0,BLT
V04,AA##,1,JPRV
V04,AA##,2,2345678
V04,AA##,3,012345679
V04,AA#A,0,T
V04,AA#A,1,P
V04,AA#A,2,57
V04,AA#A,3,OS
V04,AA-####,0,M
V04,AA-####,1,V
V04,AA-####,2,-
V04,AA-####,3,5
V04,AA-####,4,0
V04,AA-####,5,368
V04,AA-####,6,015
V04,AA-##A####-AA#AA-#,0,INW
V04,AA-##A####-AA#AA-#,1,P
V04,AA-##A####-AA#AA-#,2,-
V04,AA-##A####-AA#AA-#,3,5
V04,AA-##A####-AA#AA-#,4,5
V04,AA-##A####-AA#AA-#,5,L
V04,AA-##A####-AA#AA-#,6,0
V04,AA-##A####-AA#AA-#,7,0
V04,AA-##A####-AA#AA-#,8,234
V04,AA-##A####-AA#AA-#,9,238
V04,AA-##A####-AA#AA-#,10,-
V04,AA-##A####-AA#AA-#,11,F
V04,AA-##A####-AA#AA-#,12,D
V04,AA-##A####-AA#AA-#,13,2
V04,AA-##A####-AA#AA-#,14,O
V04,AA-##A####-AA#AA-#,15,S
V04,AA-##A####-AA#AA-#,16,-
V04,AA-##A####-AA#AA-#,17,4
V04,AAA,0,CDEFLMNOPSTUXY
V04,AAA,1,BDEHILMNOPSWXZ
V04,AAA,2,ABCDEFHILMNOPSTVXYZ
V04,AAAA,0,DFIMNRVW
V04,AAAA,1,AEHILOS
V04,AAAA,2,CDEFIOST
V04,AAAA,3,BDEFHJKO
V04,AAAA#.#,0,N
V04,AAAA#.#,1,O
V04,AAAA#.#,2,T
V04,AAAA#.#,3,E
V04,AAAA#.#,4,6
V04,AAAA#.#,5,.
V04,AAAA#.#,6,7
V04,AAAAAAAAA-######,0,FI
V04,AAAAAAAAA-######,1,F
V04,AAAAAAAAA-######,2,IR
V04,AAAAAAAAA-######,3,R
V04,AAAAAAAAA-######,4,O
V04,AAAAAAAAA-######,5,M
V04,AAAAAAAAA-######,6,I
V04,AAAAAAAAA-######,7,F
V04,AAAAAAAAA-######,8,C
V04,AAAAAAAAA-######,9,-
V04,AAAAAAAAA-######,10,12
V04,AAAAAAAAA-######,11,0
V04,AAAAAAAAA-######,12,2
V04,AAAAAAAAA-######,13,0
V04,AAAAAAAAA-######,14,0
V04,AAAAAAAAA-######,15,2
